{
  "comments": [
    {
      "canvasID": "",
      "elementID": "",
      "canvasURL": "",
      "scenario" : "",
      "author": "Anonymous",
      "authorID" : 0,
      "code": 1,
      "parentCode": null,
      "content": "这里系统默认6条，当超过6条后，自动出现滚动条",
      "timestamp": "1533899826493",
      "date": "10-Aug-2018 19:17",
      "fileName": "",
      "isRead": true
    }
    ,{
      "canvasID": "",
      "elementID": "",
      "canvasURL": "",
      "scenario" : "",
      "author": "Anonymous",
      "authorID" : 0,
      "code": 2,
      "parentCode": null,
      "content": "取自进度控制里面的控制，如果进度控制调整在年中调整，这这里显示额就是年中调整。",
      "timestamp": "1555232392637",
      "date": "14-Apr-2019 16:59",
      "fileName": "",
      "isRead": true
    }
    ,{
      "canvasID": "",
      "elementID": "",
      "canvasURL": "",
      "scenario" : "",
      "author": "Anonymous",
      "authorID" : 0,
      "code": 3,
      "parentCode": null,
      "content": "如果你的账号权限只关联了一个组织的多个部门，则这里要把所有部门都显示出来进行下拉选择，如果是只关联了一个部门的，则这里不用选择，直接显示不允许修改",
      "timestamp": "1555234234518",
      "date": "14-Apr-2019 17:30",
      "fileName": "",
      "isRead": true
    }
    ,{
      "canvasID": "",
      "elementID": "",
      "canvasURL": "",
      "scenario" : "",
      "author": "Anonymous",
      "authorID" : 0,
      "code": 4,
      "parentCode": null,
      "content": "填完数字自动带千分符",
      "timestamp": "1555242579952",
      "date": "14-Apr-2019 19:49",
      "fileName": "",
      "isRead": true
    }
    ,{
      "canvasID": "",
      "elementID": "",
      "canvasURL": "",
      "scenario" : "",
      "author": "Anonymous",
      "authorID" : 0,
      "code": 5,
      "parentCode": null,
      "content": "这是的统计是根据明细项目名称中有几个资金来源这里就显示几个类型。我只是全部列出来而已",
      "timestamp": "1555243672081",
      "date": "14-Apr-2019 20:07",
      "fileName": "",
      "isRead": true
    }
    ,{
      "canvasID": "",
      "elementID": "",
      "canvasURL": "",
      "scenario" : "",
      "author": "Anonymous",
      "authorID" : 0,
      "code": 6,
      "parentCode": null,
      "content": "系统默认否，为【否】的时候，年度绩效目标、长期绩效目标、指标类型、指标分解都不会出来。当选择【一般评价】的时候会显示年度目标、长期目标。当选择【指标评价】的时候，会出现指标类型和指标分解菜单。",
      "timestamp": "1555245504005",
      "date": "14-Apr-2019 20:38",
      "fileName": "",
      "isRead": true
    }
    ,{
      "canvasID": "s-ed3cf243-413b-4b1f-aa93-59a6205edcd1",
      "elementID": "s-Text_75",
      "canvasURL": "screens/ed3cf243-413b-4b1f-aa93-59a6205edcd1",
      "scenario" : "",
      "author": "Anonymous",
      "authorID" : 0,
      "code": 7,
      "parentCode": null,
      "content": "在审批流程中的记录不能删除和修改",
      "timestamp": "1555417648253",
      "date": "16-Apr-2019 20:27",
      "fileName": "",
      "isRead": true
    }
    ,{
      "canvasID": "s-ed3cf243-413b-4b1f-aa93-59a6205edcd1",
      "elementID": "s-Text_76",
      "canvasURL": "screens/ed3cf243-413b-4b1f-aa93-59a6205edcd1",
      "scenario" : "",
      "author": "Anonymous",
      "authorID" : 0,
      "code": 8,
      "parentCode": null,
      "content": "在审批流程中的记录不能删除和修改",
      "timestamp": "1555417652432",
      "date": "16-Apr-2019 20:27",
      "fileName": "",
      "isRead": true
    }
    ,{
      "canvasID": "s-ed3cf243-413b-4b1f-aa93-59a6205edcd1",
      "elementID": "s-Text_88",
      "canvasURL": "screens/ed3cf243-413b-4b1f-aa93-59a6205edcd1",
      "scenario" : "",
      "author": "Anonymous",
      "authorID" : 0,
      "code": 9,
      "parentCode": null,
      "content": "复制的意思就是把一个项目打开，可以修改少量内容后，保存为另一个项目",
      "timestamp": "1555417705950",
      "date": "16-Apr-2019 20:28",
      "fileName": "",
      "isRead": true
    }
    ,{
      "canvasID": "s-e19d2380-2c5f-4adc-9639-7068017d4c12",
      "elementID": "s-Text_5",
      "canvasURL": "screens/e19d2380-2c5f-4adc-9639-7068017d4c12",
      "scenario" : "",
      "author": "Anonymous",
      "authorID" : 0,
      "code": 10,
      "parentCode": null,
      "content": "这里的当前阶段，是与进度控制中的选择的阶段保持一致",
      "timestamp": "1555418660830",
      "date": "16-Apr-2019 20:44",
      "fileName": "",
      "isRead": true
    }
    ,{
      "canvasID": "s-1b0fe882-1780-4a1c-bdd7-6cf7bdf9f9ed",
      "elementID": "s-Text_3",
      "canvasURL": "screens/1b0fe882-1780-4a1c-bdd7-6cf7bdf9f9ed",
      "scenario" : "",
      "author": "Anonymous",
      "authorID" : 0,
      "code": 11,
      "parentCode": null,
      "content": "这里接收人是要和流程中的节点关联起来的。可以进行人员多选。",
      "timestamp": "1555423046163",
      "date": "16-Apr-2019 21:57",
      "fileName": "",
      "isRead": true
    }
    ,{
      "canvasID": "s-1b0fe882-1780-4a1c-bdd7-6cf7bdf9f9ed",
      "elementID": "s-Text_7",
      "canvasURL": "screens/1b0fe882-1780-4a1c-bdd7-6cf7bdf9f9ed",
      "scenario" : "",
      "author": "Anonymous",
      "authorID" : 0,
      "code": 12,
      "parentCode": null,
      "content": "可以多选",
      "timestamp": "1555423070048",
      "date": "16-Apr-2019 21:57",
      "fileName": "",
      "isRead": true
    }
    ,{
      "canvasID": "s-1b0fe882-1780-4a1c-bdd7-6cf7bdf9f9ed",
      "elementID": "s-Text_3",
      "canvasURL": "screens/1b0fe882-1780-4a1c-bdd7-6cf7bdf9f9ed",
      "scenario" : "",
      "author": "Anonymous",
      "authorID" : 0,
      "code": 13,
      "parentCode": null,
      "content": "点击流程后，会自动切换该流程节点对应的接收人",
      "timestamp": "1555423228319",
      "date": "16-Apr-2019 22:00",
      "fileName": "",
      "isRead": true
    }
    ,{
      "canvasID": "s-ed3cf243-413b-4b1f-aa93-59a6205edcd1",
      "elementID": "s-Text_73",
      "canvasURL": "screens/ed3cf243-413b-4b1f-aa93-59a6205edcd1",
      "scenario" : "",
      "author": "Anonymous",
      "authorID" : 0,
      "code": 14,
      "parentCode": null,
      "content": "只允许取消不在审批流程中的项目记录",
      "timestamp": "1555424703252",
      "date": "16-Apr-2019 22:25",
      "fileName": "",
      "isRead": true
    }
    ,{
      "canvasID": "",
      "elementID": "",
      "canvasURL": "",
      "scenario" : "",
      "author": "Anonymous",
      "authorID" : 0,
      "code": 15,
      "parentCode": null,
      "content": "这个功能 是给财务部修哥用的，其他审批是只各个上报部门的分管领导的审批，也就是说后续的审批流设置要挂操作、挂菜单、挂人员。只有最后一个审批流程中的人员才可以进行专立项按钮，其他审批环节的人员应该是审批按钮。",
      "timestamp": "1555468683772",
      "date": "17-Apr-2019 10:38",
      "fileName": "",
      "isRead": true
    }
    ,{
      "canvasID": "",
      "elementID": "",
      "canvasURL": "",
      "scenario" : "",
      "author": "Anonymous",
      "authorID" : 0,
      "code": 16,
      "parentCode": null,
      "content": "此页面中的专立项和审批只能存在一个，如果是审批流程的最后一个节点，则只有一个转立项；如果是过程中的审批则只有审批按钮。",
      "timestamp": "1555485365700",
      "date": "17-Apr-2019 15:16",
      "fileName": "",
      "isRead": true
    }
    ,{
      "canvasID": "s-c2bf6e89-8bb0-4c80-a142-38db0cf88a96",
      "elementID": "s-Category_16",
      "canvasURL": "screens/c2bf6e89-8bb0-4c80-a142-38db0cf88a96",
      "scenario" : "",
      "author": "Anonymous",
      "authorID" : 0,
      "code": 17,
      "parentCode": null,
      "content": "这参考SAAS里面的科目选择，这里原型就不做了",
      "timestamp": "1555489356326",
      "date": "17-Apr-2019 16:22",
      "fileName": "",
      "isRead": true
    }
    ,{
      "canvasID": "s-9dca344c-e66d-463a-ad0c-661ecb06d76a",
      "elementID": "s-Text_74",
      "canvasURL": "screens/9dca344c-e66d-463a-ad0c-661ecb06d76a",
      "scenario" : "",
      "author": "Anonymous",
      "authorID" : 0,
      "code": 18,
      "parentCode": null,
      "content": "点击编辑后，是可以进行说明列编辑的",
      "timestamp": "1555507304838",
      "date": "17-Apr-2019 21:21",
      "fileName": "",
      "isRead": true
    }
    ,{
      "canvasID": "s-dde14099-b39d-4a24-9e57-4af464d717cb",
      "elementID": "s-Category_7",
      "canvasURL": "screens/dde14099-b39d-4a24-9e57-4af464d717cb",
      "scenario" : "",
      "author": "Anonymous",
      "authorID" : 0,
      "code": 19,
      "parentCode": null,
      "content": "这里列出部门对应的所有项目，可以根据项目的选择不同，统计每个项目的给自的数据。系统默认全部，则统计的是这个部门的所有项目的总额",
      "timestamp": "1555558589107",
      "date": "18-Apr-2019 11:36",
      "fileName": "",
      "isRead": true
    }
    ,{
      "canvasID": "",
      "elementID": "",
      "canvasURL": "",
      "scenario" : "",
      "author": "Anonymous",
      "authorID" : 0,
      "code": 20,
      "parentCode": null,
      "content": "这里统计基本支出、项目支出各自的占比和金额",
      "timestamp": "1555560967171",
      "date": "18-Apr-2019 12:16",
      "fileName": "",
      "isRead": true
    }
    ,{
      "canvasID": "s-dde14099-b39d-4a24-9e57-4af464d717cb",
      "elementID": "s-Rectangle_3",
      "canvasURL": "screens/dde14099-b39d-4a24-9e57-4af464d717cb",
      "scenario" : "",
      "author": "Anonymous",
      "authorID" : 0,
      "code": 21,
      "parentCode": null,
      "content": "这里的项目包括基本支出的项目数量",
      "timestamp": "1555561207786",
      "date": "18-Apr-2019 12:20",
      "fileName": "",
      "isRead": true
    }
    ,{
      "canvasID": "s-dde14099-b39d-4a24-9e57-4af464d717cb",
      "elementID": "s-Text_91",
      "canvasURL": "screens/dde14099-b39d-4a24-9e57-4af464d717cb",
      "scenario" : "",
      "author": "Anonymous",
      "authorID" : 0,
      "code": 22,
      "parentCode": null,
      "content": "只有送审审批通过的单据，才会开始有支付状态",
      "timestamp": "1555571475592",
      "date": "18-Apr-2019 15:11",
      "fileName": "",
      "isRead": true
    }
    ,{
      "canvasID": "",
      "elementID": "",
      "canvasURL": "",
      "scenario" : "",
      "author": "Anonymous",
      "authorID" : 0,
      "code": 23,
      "parentCode": null,
      "content": "申请类型与项目库中的支付方式是对应的。项目用款对应的是直接列支，",
      "timestamp": "1555571762538",
      "date": "18-Apr-2019 15:16",
      "fileName": "",
      "isRead": true
    }
    ,{
      "canvasID": "",
      "elementID": "",
      "canvasURL": "",
      "scenario" : "",
      "author": "Anonymous",
      "authorID" : 0,
      "code": 24,
      "parentCode": null,
      "content": "从列表页带过来的数据",
      "timestamp": "1555573451466",
      "date": "18-Apr-2019 15:44",
      "fileName": "",
      "isRead": true
    }
    ,{
      "canvasID": "s-e8707e5f-9cd9-4997-91fc-89ec37ca186f",
      "elementID": "s-Rectangle_26",
      "canvasURL": "screens/e8707e5f-9cd9-4997-91fc-89ec37ca186f",
      "scenario" : "",
      "author": "Anonymous",
      "authorID" : 0,
      "code": 25,
      "parentCode": null,
      "content": "从列表页待过来的数据",
      "timestamp": "1555573501660",
      "date": "18-Apr-2019 15:45",
      "fileName": "",
      "isRead": true
    }
    ,{
      "canvasID": "s-e8707e5f-9cd9-4997-91fc-89ec37ca186f",
      "elementID": "s-Image_38",
      "canvasURL": "screens/e8707e5f-9cd9-4997-91fc-89ec37ca186f",
      "scenario" : "",
      "author": "Anonymous",
      "authorID" : 0,
      "code": 26,
      "parentCode": null,
      "content": "这里的删除是删除这个申报的项目，目前系统支持要一个单据支持多个申报项目，一个项目可以挂多个收款单位",
      "timestamp": "1555576564694",
      "date": "18-Apr-2019 16:36",
      "fileName": "",
      "isRead": true
    }
    ,{
      "canvasID": "s-e8707e5f-9cd9-4997-91fc-89ec37ca186f",
      "elementID": "s-Rectangle_35",
      "canvasURL": "screens/e8707e5f-9cd9-4997-91fc-89ec37ca186f",
      "scenario" : "",
      "author": "Anonymous",
      "authorID" : 0,
      "code": 27,
      "parentCode": null,
      "content": "所有项目的合计金额，系统自动计算",
      "timestamp": "1555742658505",
      "date": "20-Apr-2019 14:44",
      "fileName": "",
      "isRead": true
    }
    ,{
      "canvasID": "s-e8707e5f-9cd9-4997-91fc-89ec37ca186f",
      "elementID": "s-Category_10",
      "canvasURL": "screens/e8707e5f-9cd9-4997-91fc-89ec37ca186f",
      "scenario" : "",
      "author": "Anonymous",
      "authorID" : 0,
      "code": 28,
      "parentCode": null,
      "content": "当选择了资金拨付的，则申请类型对应的就是对下补助。那么项目也会自动过滤只有对下补助的项目可以选择",
      "timestamp": "1555743942127",
      "date": "20-Apr-2019 15:05",
      "fileName": "",
      "isRead": true
    }
    ,{
      "canvasID": "s-3abfbf8b-ffb8-47cf-baa3-9437e8e9de67",
      "elementID": "s-Image_3",
      "canvasURL": "screens/3abfbf8b-ffb8-47cf-baa3-9437e8e9de67",
      "scenario" : "",
      "author": "Anonymous",
      "authorID" : 0,
      "code": 29,
      "parentCode": null,
      "content": "这里是包括项目支出和基本支出的占比情况",
      "timestamp": "1555746280691",
      "date": "20-Apr-2019 15:44",
      "fileName": "",
      "isRead": true
    }
    ,{
      "canvasID": "s-3abfbf8b-ffb8-47cf-baa3-9437e8e9de67",
      "elementID": "s-Text_12",
      "canvasURL": "screens/3abfbf8b-ffb8-47cf-baa3-9437e8e9de67",
      "scenario" : "",
      "author": "Anonymous",
      "authorID" : 0,
      "code": 30,
      "parentCode": null,
      "content": "这列出项目支出和基本列支的项目，不列对下补助的项目",
      "timestamp": "1555746420888",
      "date": "20-Apr-2019 15:47",
      "fileName": "",
      "isRead": true
    }
    ,{
      "canvasID": "s-24395184-af07-468a-b7b8-5f08163514ff",
      "elementID": "s-Text_34",
      "canvasURL": "screens/24395184-af07-468a-b7b8-5f08163514ff",
      "scenario" : "",
      "author": "Anonymous",
      "authorID" : 0,
      "code": 31,
      "parentCode": null,
      "content": "与资金拨付页面类似。只不过点击详情不同而已",
      "timestamp": "1555751648787",
      "date": "20-Apr-2019 17:14",
      "fileName": "",
      "isRead": true
    }
    ,{
      "canvasID": "",
      "elementID": "",
      "canvasURL": "",
      "scenario" : "",
      "author": "Anonymous",
      "authorID" : 0,
      "code": 32,
      "parentCode": null,
      "content": "这个列表只能单选",
      "timestamp": "1555753059225",
      "date": "20-Apr-2019 17:37",
      "fileName": "",
      "isRead": true
    }
    ,{
      "canvasID": "",
      "elementID": "",
      "canvasURL": "",
      "scenario" : "",
      "author": "Anonymous",
      "authorID" : 0,
      "code": 33,
      "parentCode": null,
      "content": "允许录入，同时也允许从银行档案菜单那里取数",
      "timestamp": "1555758109322",
      "date": "20-Apr-2019 19:01",
      "fileName": "",
      "isRead": true
    }
    ,{
      "canvasID": "",
      "elementID": "",
      "canvasURL": "",
      "scenario" : "",
      "author": "Anonymous",
      "authorID" : 0,
      "code": 34,
      "parentCode": null,
      "content": "如果选择的是现金，则直接保存成功，同时列表的后三列不用填写。如果是网银，则弹出相应的提示，与银行接口进行交互",
      "timestamp": "1555758498893",
      "date": "20-Apr-2019 19:08",
      "fileName": "",
      "isRead": true
    }
    ,{
      "canvasID": "",
      "elementID": "",
      "canvasURL": "",
      "scenario" : "",
      "author": "Anonymous",
      "authorID" : 0,
      "code": 35,
      "parentCode": null,
      "content": "如果选择第一个选项然后点击保存，则提示状态已消除，对应的单据支付状态变为支付成功。如果选择第二个，则给出再次支付的单据",
      "timestamp": "1555759923123",
      "date": "20-Apr-2019 19:32",
      "fileName": "",
      "isRead": true
    }
    ,{
      "canvasID": "s-633b351f-e31d-4260-b12b-cb13488bce34",
      "elementID": "s-Image_3",
      "canvasURL": "screens/633b351f-e31d-4260-b12b-cb13488bce34",
      "scenario" : "",
      "author": "Anonymous",
      "authorID" : 0,
      "code": 36,
      "parentCode": null,
      "content": "组织树中不需要复选框",
      "timestamp": "1555761444420",
      "date": "20-Apr-2019 19:57",
      "fileName": "",
      "isRead": true
    }
    ,{
      "canvasID": "",
      "elementID": "",
      "canvasURL": "",
      "scenario" : "",
      "author": "Anonymous",
      "authorID" : 0,
      "code": 37,
      "parentCode": null,
      "content": "下面的预算科目允许财务修改为同级科目，不能跳科目修改。其他信息都是与预算做强控制，也就是说都是来自预算项目库那边的信息。这里的科目调整后，是不会预算项目库那边的科目同步调整的，这个不做管理。用户实际财务核算决算书是按照本次调整的科目核算。",
      "timestamp": "1557465915265",
      "date": "10-May-2019 13:25",
      "fileName": "",
      "isRead": true
    }
    ,{
      "canvasID": "s-1b0fe882-1780-4a1c-bdd7-6cf7bdf9f9ed",
      "elementID": "s-Text_234",
      "canvasURL": "screens/1b0fe882-1780-4a1c-bdd7-6cf7bdf9f9ed",
      "scenario" : "",
      "author": "Anonymous",
      "authorID" : 0,
      "code": 38,
      "parentCode": null,
      "content": "以下内容为多选，当选择多个组织或部门后，在列表中就会填写几行内容。同时如果选择的是哪个市总下面的部门后，在列表中的显示名称为：XXX市总+部门名称。也就是从二级组织开始依次罗列。",
      "timestamp": "1557750501874",
      "date": "13-May-2019 20:28",
      "fileName": "",
      "isRead": true
    }
    ,{
      "canvasID": "s-994fb978-2c21-4b78-b09a-61683c72f731",
      "elementID": "s-Text_235",
      "canvasURL": "screens/994fb978-2c21-4b78-b09a-61683c72f731",
      "scenario" : "",
      "author": "Anonymous",
      "authorID" : 0,
      "code": 39,
      "parentCode": null,
      "content": "按照选择的项目。列出该项目下所有的对下补助的明细项目。只允许用户做单选。",
      "timestamp": "1557751285910",
      "date": "13-May-2019 20:41",
      "fileName": "",
      "isRead": true
    }
    ,{
      "canvasID": "s-e8707e5f-9cd9-4997-91fc-89ec37ca186f",
      "elementID": "s-Image_34",
      "canvasURL": "screens/e8707e5f-9cd9-4997-91fc-89ec37ca186f",
      "scenario" : "",
      "author": "Anonymous",
      "authorID" : 0,
      "code": 40,
      "parentCode": null,
      "content": "点击新增一行的时候，系统会自动把上一行中的项目明细的内容带下来。",
      "timestamp": "1557751409704",
      "date": "13-May-2019 20:43",
      "fileName": "",
      "isRead": true
    }
    ,{
      "canvasID": "s-dde14099-b39d-4a24-9e57-4af464d717cb",
      "elementID": "s-Text_92",
      "canvasURL": "screens/dde14099-b39d-4a24-9e57-4af464d717cb",
      "scenario" : "",
      "author": "Anonymous",
      "authorID" : 0,
      "code": 41,
      "parentCode": null,
      "content": "这里的日期控件采用两个时间段的那种控件",
      "timestamp": "1557756126903",
      "date": "13-May-2019 22:02",
      "fileName": "",
      "isRead": true
    }
    ,{
      "canvasID": "s-9893640c-829d-4d8b-9b56-1df1846622a5",
      "elementID": "s-Text_234",
      "canvasURL": "screens/9893640c-829d-4d8b-9b56-1df1846622a5",
      "scenario" : "",
      "author": "Anonymous",
      "authorID" : 0,
      "code": 42,
      "parentCode": null,
      "content": "以下组织树种的所有节点都是可以多选的",
      "timestamp": "1557762685822",
      "date": "13-May-2019 23:51",
      "fileName": "",
      "isRead": true
    }
    ,{
      "canvasID": "s-0d77af63-6103-4b2e-a961-304e6d044f13",
      "elementID": "s-Text_2",
      "canvasURL": "screens/0d77af63-6103-4b2e-a961-304e6d044f13",
      "scenario" : "",
      "author": "Anonymous",
      "authorID" : 0,
      "code": 43,
      "parentCode": null,
      "content": "审批不同意的单据将打回到用户选择的节点",
      "timestamp": "1557763798257",
      "date": "14-May-2019 00:09",
      "fileName": "",
      "isRead": true
    }
    ,{
      "canvasID": "s-0d77af63-6103-4b2e-a961-304e6d044f13",
      "elementID": "s-Text_1",
      "canvasURL": "screens/0d77af63-6103-4b2e-a961-304e6d044f13",
      "scenario" : "",
      "author": "Anonymous",
      "authorID" : 0,
      "code": 44,
      "parentCode": null,
      "content": "流程同意后，单据继续流转到下一个审批人节点处",
      "timestamp": "1557763868483",
      "date": "14-May-2019 00:11",
      "fileName": "",
      "isRead": true
    }
    ,{
      "canvasID": "s-0642df7d-5b05-409b-8960-a73bdca46748",
      "elementID": "s-Input_14",
      "canvasURL": "screens/0642df7d-5b05-409b-8960-a73bdca46748",
      "scenario" : "",
      "author": "Anonymous",
      "authorID" : 0,
      "code": 45,
      "parentCode": null,
      "content": "采用时间段的时间控件",
      "timestamp": "1557764770285",
      "date": "14-May-2019 00:26",
      "fileName": "",
      "isRead": true
    }
    ,{
      "canvasID": "",
      "elementID": "",
      "canvasURL": "",
      "scenario" : "",
      "author": "Anonymous",
      "authorID" : 0,
      "code": 46,
      "parentCode": null,
      "content": "只能单选列表才可以进行收款方信息维护。如果多选择了。则给出提示\u201c收款方信息维护操作只支持单条单据处理，请重新选择。\u201d页面中的其他操作按钮都可以进行多选操作，然后批量进行。",
      "timestamp": "1557765114988",
      "date": "14-May-2019 00:31",
      "fileName": "",
      "isRead": true
    }
    ,{
      "canvasID": "",
      "elementID": "",
      "canvasURL": "",
      "scenario" : "",
      "author": "Anonymous",
      "authorID" : 0,
      "code": 47,
      "parentCode": null,
      "content": "可批量审批",
      "timestamp": "1557765132731",
      "date": "14-May-2019 00:32",
      "fileName": "",
      "isRead": true
    }
    ,{
      "canvasID": "",
      "elementID": "",
      "canvasURL": "",
      "scenario" : "",
      "author": "Anonymous",
      "authorID" : 0,
      "code": 48,
      "parentCode": null,
      "content": "可批量取消审批",
      "timestamp": "1557765147455",
      "date": "14-May-2019 00:32",
      "fileName": "",
      "isRead": true
    }
    ,{
      "canvasID": "",
      "elementID": "",
      "canvasURL": "",
      "scenario" : "",
      "author": "Anonymous",
      "authorID" : 0,
      "code": 49,
      "parentCode": null,
      "content": "可多选批量打印",
      "timestamp": "1557765200433",
      "date": "14-May-2019 00:33",
      "fileName": "",
      "isRead": true
    }
    ,{
      "canvasID": "s-d5576785-8e67-4354-b2a1-5d702036e70d",
      "elementID": "s-Text_8",
      "canvasURL": "screens/d5576785-8e67-4354-b2a1-5d702036e70d",
      "scenario" : "",
      "author": "Anonymous",
      "authorID" : 0,
      "code": 50,
      "parentCode": null,
      "content": "付款账户对下面所有的申报项目都有用，也就是说：一个单据只对应一个付款账户",
      "timestamp": "1557769727356",
      "date": "14-May-2019 01:48",
      "fileName": "",
      "isRead": true
    }
    ,{
      "canvasID": "",
      "elementID": "",
      "canvasURL": "",
      "scenario" : "",
      "author": "Anonymous",
      "authorID" : 0,
      "code": 51,
      "parentCode": null,
      "content": "可多选，进行合并支付。",
      "timestamp": "1557772673650",
      "date": "14-May-2019 02:37",
      "fileName": "",
      "isRead": true
    }
    ,{
      "canvasID": "s-4bb8e008-1b04-45b2-8830-c3c5bb1497d2",
      "elementID": "s-Rectangle_196",
      "canvasURL": "screens/4bb8e008-1b04-45b2-8830-c3c5bb1497d2",
      "scenario" : "",
      "author": "Anonymous",
      "authorID" : 0,
      "code": 52,
      "parentCode": null,
      "content": "可批量选择支付异常的信息进行异常处理。",
      "timestamp": "1557803014654",
      "date": "14-May-2019 11:03",
      "fileName": "",
      "isRead": true
    }
    ,{
      "canvasID": "s-4bb8e008-1b04-45b2-8830-c3c5bb1497d2",
      "elementID": "s-Rectangle_195",
      "canvasURL": "screens/4bb8e008-1b04-45b2-8830-c3c5bb1497d2",
      "scenario" : "",
      "author": "Anonymous",
      "authorID" : 0,
      "code": 53,
      "parentCode": null,
      "content": "可批量选择支付异常的信息进行同一批次重新支付发起申请。这种情况跟多对应的是信息填写错误后的情况",
      "timestamp": "1557803077031",
      "date": "14-May-2019 11:04",
      "fileName": "",
      "isRead": true
    }
    ,{
      "canvasID": "s-ec738fec-1d24-4b41-b35a-23d5cec1d755",
      "elementID": "s-Text_52",
      "canvasURL": "screens/ec738fec-1d24-4b41-b35a-23d5cec1d755",
      "scenario" : "",
      "author": "Anonymous",
      "authorID" : 0,
      "code": 54,
      "parentCode": null,
      "content": "点击这里可以查看附件",
      "timestamp": "1557803605489",
      "date": "14-May-2019 11:13",
      "fileName": "",
      "isRead": true
    }
    ,{
      "canvasID": "s-4bb8e008-1b04-45b2-8830-c3c5bb1497d2",
      "elementID": "s-Text_52",
      "canvasURL": "screens/4bb8e008-1b04-45b2-8830-c3c5bb1497d2",
      "scenario" : "",
      "author": "Anonymous",
      "authorID" : 0,
      "code": 55,
      "parentCode": null,
      "content": "点击后可以查看附件",
      "timestamp": "1557803682292",
      "date": "14-May-2019 11:14",
      "fileName": "",
      "isRead": true
    }
    ,{
      "canvasID": "s-b0f1454c-98af-42cb-a3b3-79238f26d7d4",
      "elementID": "s-Text_231",
      "canvasURL": "screens/b0f1454c-98af-42cb-a3b3-79238f26d7d4",
      "scenario" : "",
      "author": "Anonymous",
      "authorID" : 0,
      "code": 56,
      "parentCode": null,
      "content": "重新发起的单据，不需要走发起人的审批流程，只需要走财务部这边维护收付款方信息的那个节点",
      "timestamp": "1557805233380",
      "date": "14-May-2019 11:40",
      "fileName": "",
      "isRead": true
    }
    ,{
      "canvasID": "s-104f4484-dbca-4351-8442-05e8dd8424fd",
      "elementID": "s-Input_14",
      "canvasURL": "screens/104f4484-dbca-4351-8442-05e8dd8424fd",
      "scenario" : "",
      "author": "Anonymous",
      "authorID" : 0,
      "code": 57,
      "parentCode": null,
      "content": "采用一个时间控件可以选择两个时间段的",
      "timestamp": "1557810518468",
      "date": "14-May-2019 13:08",
      "fileName": "",
      "isRead": true
    }
    ,{
      "canvasID": "s-104f4484-dbca-4351-8442-05e8dd8424fd",
      "elementID": "s-Text_91",
      "canvasURL": "screens/104f4484-dbca-4351-8442-05e8dd8424fd",
      "scenario" : "",
      "author": "Anonymous",
      "authorID" : 0,
      "code": 58,
      "parentCode": null,
      "content": "系统默认选中待支付和异常处理，已经支付成功的则在列表中自动隐藏",
      "timestamp": "1557811805604",
      "date": "14-May-2019 13:30",
      "fileName": "",
      "isRead": true
    }
    ,{
      "canvasID": "",
      "elementID": "",
      "canvasURL": "",
      "scenario" : "",
      "author": "Anonymous",
      "authorID" : 0,
      "code": 59,
      "parentCode": null,
      "content": "取消审批后，如果该记录成功退回后，该记录会从已审记录中移动带待审列表中",
      "timestamp": "1557814744502",
      "date": "14-May-2019 14:19",
      "fileName": "",
      "isRead": true
    }
    ,{
      "canvasID": "",
      "elementID": "",
      "canvasURL": "",
      "scenario" : "",
      "author": "Anonymous",
      "authorID" : 0,
      "code": 60,
      "parentCode": null,
      "content": "系统管理",
      "timestamp": "1557836394695",
      "date": "14-May-2019 20:19",
      "fileName": "",
      "isRead": true
    }
    ,{
      "canvasID": "s-2e8faa03-2e13-46c0-8fc5-54de4797e3da",
      "elementID": "s-Rectangle_192",
      "canvasURL": "screens/2e8faa03-2e13-46c0-8fc5-54de4797e3da",
      "scenario" : "",
      "author": "Anonymous",
      "authorID" : 0,
      "code": 61,
      "parentCode": null,
      "content": "只有待送审、未通过的单据才能点击送审。审核通过、审核中的单据不允许点击【送审】",
      "timestamp": "1557923047534",
      "date": "15-May-2019 20:24",
      "fileName": "",
      "isRead": true
    }
    ,{
      "canvasID": "s-2e8faa03-2e13-46c0-8fc5-54de4797e3da",
      "elementID": "s-Rectangle_190",
      "canvasURL": "screens/2e8faa03-2e13-46c0-8fc5-54de4797e3da",
      "scenario" : "",
      "author": "Anonymous",
      "authorID" : 0,
      "code": 62,
      "parentCode": null,
      "content": "待送审、未通过等不在审批流程好的单据可以删除，在审批流程中的单据不允许删除。",
      "timestamp": "1557923206262",
      "date": "15-May-2019 20:26",
      "fileName": "",
      "isRead": true
    }
    ,{
      "canvasID": "s-91406177-a36a-48ab-9018-b759218a8f76",
      "elementID": "s-Button_1",
      "canvasURL": "screens/91406177-a36a-48ab-9018-b759218a8f76",
      "scenario" : "",
      "author": "Anonymous",
      "authorID" : 0,
      "code": 63,
      "parentCode": null,
      "content": "输入相关的申请单编号后，单据在哪个目录就链接到哪个目录中去。",
      "timestamp": "1557929695866",
      "date": "15-May-2019 22:14",
      "fileName": "",
      "isRead": true
    }
    ,{
      "canvasID": "s-d12245cc-1680-458d-89dd-4f0d7fb22724",
      "elementID": "s-Category_9",
      "canvasURL": "screens/d12245cc-1680-458d-89dd-4f0d7fb22724",
      "scenario" : "",
      "author": "Anonymous",
      "authorID" : 0,
      "code": 64,
      "parentCode": null,
      "content": "此年度就是用于数据过滤筛选的。系统默认选中当前服务器的年度。允许用户选择全部年度",
      "timestamp": "1557969340715",
      "date": "16-May-2019 09:15",
      "fileName": "",
      "isRead": true
    }
    ,{
      "canvasID": "s-91406177-a36a-48ab-9018-b759218a8f76",
      "elementID": "s-Text_1",
      "canvasURL": "screens/91406177-a36a-48ab-9018-b759218a8f76",
      "scenario" : "",
      "author": "Anonymous",
      "authorID" : 0,
      "code": 65,
      "parentCode": null,
      "content": "审批类型由系统管理员在设置审批流程的时候自定义，审批流程的设计模式为：设计审批类型，然后设定审批单据类型，接着给这个单据下挂审批流程。对应的审批类型下挂什么单据，这个页面的列表就显示为与单据一样内容的列表，无非增加几列审批固有的数据项。",
      "timestamp": "1557970355567",
      "date": "16-May-2019 09:32",
      "fileName": "",
      "isRead": true
    }
    ,{
      "canvasID": "s-5de11934-fadf-44ad-b8e6-26498a6ca433",
      "elementID": "s-Text_99",
      "canvasURL": "screens/5de11934-fadf-44ad-b8e6-26498a6ca433",
      "scenario" : "",
      "author": "Anonymous",
      "authorID" : 0,
      "code": 66,
      "parentCode": null,
      "content": "这里列出的人员和节点是当前处理人员之前的所有流程节点中的人。之后的流程节点不带出来。",
      "timestamp": "1557971419167",
      "date": "16-May-2019 09:50",
      "fileName": "",
      "isRead": true
    }
    ,{
      "canvasID": "s-0642df7d-5b05-409b-8960-a73bdca46748",
      "elementID": "s-Text_77",
      "canvasURL": "screens/0642df7d-5b05-409b-8960-a73bdca46748",
      "scenario" : "",
      "author": "Anonymous",
      "authorID" : 0,
      "code": 67,
      "parentCode": null,
      "content": "审批通过的单据会到，我已审批中对应的记录中。该操作只允许审批，但不生成支付单",
      "timestamp": "1557987285294",
      "date": "16-May-2019 14:14",
      "fileName": "",
      "isRead": true
    }
    ,{
      "canvasID": "s-2e42701d-8887-48fb-b37c-4aa2596300b6",
      "elementID": "s-Button_4",
      "canvasURL": "screens/2e42701d-8887-48fb-b37c-4aa2596300b6",
      "scenario" : "",
      "author": "Anonymous",
      "authorID" : 0,
      "code": 68,
      "parentCode": null,
      "content": "生成支付单的单据会被推送到支付中心下。同时它的审批状态审批中，同时，单据会被记录在【我已审批】中资金拨付单中",
      "timestamp": "1557990646967",
      "date": "16-May-2019 15:10",
      "fileName": "",
      "isRead": true
    }
    ,{
      "canvasID": "s-7b37821c-c20a-48c5-9b4f-8133180d4fc7",
      "elementID": "s-Rectangle_192",
      "canvasURL": "screens/7b37821c-c20a-48c5-9b4f-8133180d4fc7",
      "scenario" : "",
      "author": "Anonymous",
      "authorID" : 0,
      "code": 69,
      "parentCode": null,
      "content": "审批和生成支付单两个按钮是二选一.。此处的交互与列表页中的【生成支付单】的流程是一样的，这里不再重复",
      "timestamp": "1557991436377",
      "date": "16-May-2019 15:23",
      "fileName": "",
      "isRead": true
    }
    ,{
      "canvasID": "s-104f4484-dbca-4351-8442-05e8dd8424fd",
      "elementID": "s-Input_15",
      "canvasURL": "screens/104f4484-dbca-4351-8442-05e8dd8424fd",
      "scenario" : "",
      "author": "Anonymous",
      "authorID" : 0,
      "code": 70,
      "parentCode": null,
      "content": "采用一个时间控件可以选择两个时间段的",
      "timestamp": "1557994975252",
      "date": "16-May-2019 16:22",
      "fileName": "",
      "isRead": true
    }
    ,{
      "canvasID": "s-21cc6319-db62-4e73-95a0-96236021d3b1",
      "elementID": "s-Text_2",
      "canvasURL": "screens/21cc6319-db62-4e73-95a0-96236021d3b1",
      "scenario" : "",
      "author": "Anonymous",
      "authorID" : 0,
      "code": 71,
      "parentCode": null,
      "content": "这里系统需要把所有资金拨付申请单中的审报项目里的明细项目都提取过来在这里统一展示。",
      "timestamp": "1557999836309",
      "date": "16-May-2019 17:43",
      "fileName": "",
      "isRead": true
    }
    ,{
      "canvasID": "s-21cc6319-db62-4e73-95a0-96236021d3b1",
      "elementID": "s-Category_1",
      "canvasURL": "screens/21cc6319-db62-4e73-95a0-96236021d3b1",
      "scenario" : "",
      "author": "Anonymous",
      "authorID" : 0,
      "code": 72,
      "parentCode": null,
      "content": "这里的科目是取自对应明细项目名称在年初预算的时候填写的那个预算科目所在的同类科目。这里允许用户对科目进行调整，但只允许调整和年初申报科目相同类下的其他子科目",
      "timestamp": "1558000553808",
      "date": "16-May-2019 17:55",
      "fileName": "",
      "isRead": true
    }
    ,{
      "canvasID": "s-104f4484-dbca-4351-8442-05e8dd8424fd",
      "elementID": "s-Text_79",
      "canvasURL": "screens/104f4484-dbca-4351-8442-05e8dd8424fd",
      "scenario" : "",
      "author": "Anonymous",
      "authorID" : 0,
      "code": 73,
      "parentCode": null,
      "content": "只允许以下几种组合使用该功能：当审批状态为：待送审或者未通过的单据可以使用该功能。同时，只有 单选的 时候，才可以 使用该功能",
      "timestamp": "1558005814879",
      "date": "16-May-2019 19:23",
      "fileName": "",
      "isRead": true
    }
    ,{
      "canvasID": "s-104f4484-dbca-4351-8442-05e8dd8424fd",
      "elementID": "s-Text_78",
      "canvasURL": "screens/104f4484-dbca-4351-8442-05e8dd8424fd",
      "scenario" : "",
      "author": "Anonymous",
      "authorID" : 0,
      "code": 74,
      "parentCode": null,
      "content": "只有审批状态为\u201c审批通过\u201d，支付状态为\u201c待支付\u201d的单据，才可以使用【合并支付】，允许用户多选单据进行操作。",
      "timestamp": "1558007334226",
      "date": "16-May-2019 19:48",
      "fileName": "",
      "isRead": true
    }
    ,{
      "canvasID": "s-4407b8c2-2ec4-4385-9267-f9b7bf29f887",
      "elementID": "s-Text_10",
      "canvasURL": "screens/4407b8c2-2ec4-4385-9267-f9b7bf29f887",
      "scenario" : "",
      "author": "Anonymous",
      "authorID" : 0,
      "code": 75,
      "parentCode": null,
      "content": "点击这里可以查看资金拨付单据的审批流程，这个流程不是支付单的审批流程",
      "timestamp": "1558008652629",
      "date": "16-May-2019 20:10",
      "fileName": "",
      "isRead": true
    }
    ,{
      "canvasID": "s-4407b8c2-2ec4-4385-9267-f9b7bf29f887",
      "elementID": "s-Text_14",
      "canvasURL": "screens/4407b8c2-2ec4-4385-9267-f9b7bf29f887",
      "scenario" : "",
      "author": "Anonymous",
      "authorID" : 0,
      "code": 76,
      "parentCode": null,
      "content": "点击后可查看附件",
      "timestamp": "1558008670431",
      "date": "16-May-2019 20:11",
      "fileName": "",
      "isRead": true
    }
    ,{
      "canvasID": "s-104f4484-dbca-4351-8442-05e8dd8424fd",
      "elementID": "s-Text_85",
      "canvasURL": "screens/104f4484-dbca-4351-8442-05e8dd8424fd",
      "scenario" : "",
      "author": "Anonymous",
      "authorID" : 0,
      "code": 77,
      "parentCode": null,
      "content": "只要允许用户选择支付状态为\u201c支付异常\u201d的单据。可以多选",
      "timestamp": "1558010760993",
      "date": "16-May-2019 20:46",
      "fileName": "",
      "isRead": true
    }
    ,{
      "canvasID": "s-104f4484-dbca-4351-8442-05e8dd8424fd",
      "elementID": "s-Text_81",
      "canvasURL": "screens/104f4484-dbca-4351-8442-05e8dd8424fd",
      "scenario" : "",
      "author": "Anonymous",
      "authorID" : 0,
      "code": 78,
      "parentCode": null,
      "content": "只允许对审批状态为\u201c待送审\u201d的单据进行操作。",
      "timestamp": "1558011429019",
      "date": "16-May-2019 20:57",
      "fileName": "",
      "isRead": true
    }
    ,{
      "canvasID": "s-e2249283-0ee6-47b1-9931-d8471863c825",
      "elementID": "s-Text_1",
      "canvasURL": "screens/e2249283-0ee6-47b1-9931-d8471863c825",
      "scenario" : "",
      "author": "Anonymous",
      "authorID" : 0,
      "code": 79,
      "parentCode": null,
      "content": "点击查看申请单详情",
      "timestamp": "1558012664678",
      "date": "16-May-2019 21:17",
      "fileName": "",
      "isRead": true
    }
    ,{
      "canvasID": "s-e2249283-0ee6-47b1-9931-d8471863c825",
      "elementID": "s-Text_7",
      "canvasURL": "screens/e2249283-0ee6-47b1-9931-d8471863c825",
      "scenario" : "",
      "author": "Anonymous",
      "authorID" : 0,
      "code": 80,
      "parentCode": null,
      "content": "可点击查看审批流程，这里是支付单的审批流，不是拨付单的审批流。",
      "timestamp": "1558012984628",
      "date": "16-May-2019 21:23",
      "fileName": "",
      "isRead": true
    }
    ,{
      "canvasID": "s-21cc6319-db62-4e73-95a0-96236021d3b1",
      "elementID": "s-Text_11",
      "canvasURL": "screens/21cc6319-db62-4e73-95a0-96236021d3b1",
      "scenario" : "",
      "author": "Anonymous",
      "authorID" : 0,
      "code": 81,
      "parentCode": null,
      "content": "点击查看流程，这里是支付单的流程，不是拨付单的流程",
      "timestamp": "1558013034863",
      "date": "16-May-2019 21:23",
      "fileName": "",
      "isRead": true
    }
    ,{
      "canvasID": "s-65bfc789-4978-4269-8070-2e2b2e00e006",
      "elementID": "s-Text_15",
      "canvasURL": "screens/65bfc789-4978-4269-8070-2e2b2e00e006",
      "scenario" : "",
      "author": "Anonymous",
      "authorID" : 0,
      "code": 82,
      "parentCode": null,
      "content": "可查看支付单的所有审批流，这里不是拨付单的审批流",
      "timestamp": "1558013539480",
      "date": "16-May-2019 21:32",
      "fileName": "",
      "isRead": true
    }
    ,{
      "canvasID": "s-4b97bf20-d3dc-4f91-899f-9400f9548461",
      "elementID": "s-Input_1",
      "canvasURL": "screens/4b97bf20-d3dc-4f91-899f-9400f9548461",
      "scenario" : "",
      "author": "Anonymous",
      "authorID" : 0,
      "code": 83,
      "parentCode": null,
      "content": "录入的时候是******显示，点击眼睛后可以看到录入的内容",
      "timestamp": "1558013857445",
      "date": "16-May-2019 21:37",
      "fileName": "",
      "isRead": true
    }
    ,{
      "canvasID": "s-91406177-a36a-48ab-9018-b759218a8f76",
      "elementID": "s-Text_9",
      "canvasURL": "screens/91406177-a36a-48ab-9018-b759218a8f76",
      "scenario" : "",
      "author": "Anonymous",
      "authorID" : 0,
      "code": 84,
      "parentCode": null,
      "content": "此处与支付单审批界面雷同，只是不要界面的操作即可",
      "timestamp": "1558018152060",
      "date": "16-May-2019 22:49",
      "fileName": "",
      "isRead": true
    }
  ]
}